[null],HTML,CHM,RTF,PDF,LaTeX,PostScript,man pages,DocBook,XML,ePub
Ddoc,[null],[null],[null],[null],[null],[null],[null],[null],[null],[added]
Document! X,[null],[null],[null],[null],[null],[null],[null],[null],[null],[added]
Doxygen,[null],[null],[null],Indirectly,[null],Indirectly,[null],[null],[null],[null]
Epydoc,[null],[null],[null],[null],Indirectly,Indirectly,[null],[null],[null],[added]
Haddock,[null],[null],[null],[null],[null],[null],[null],Partial,[null],[added]
HeaderDoc,[null],[null],[null],[null],[null],[null],[null],[null],[null],[added]
Imagix 4D,[null],[null],[null],[null],[null],[null],[null],[null],[null],[added]
Javadoc,[null],Indirectly,Indirectly,Indirectly,Indirectly,Indirectly,Indirectly,Indirectly,Indirectly,[added]
JSDoc,[null],[null],[null],[null],[null],[null],[null],[null],[null],[added]
JsDoc Toolkit,[null],[null],[null],[null],[null],[null],[null],[null],+JSON,[added]
Natural Docs,[null],[null],[null],[null],[null],[null],[null],[null],[null],[added]
NDoc,[null],[null],[null],[null],[null],[null],[null],[null],[null],[added]
pdoc,[null],[null],[null],[null],[null],[null],[null],[null],[null],[null]
phpDocumentor,[null],[null],[null],[null],[null],[null],[null],[null],[null],[added]
pydoc,[null],[null],[null],[null],[null],[null],[null],[null],[null],[null]
RDoc,[null],[null],[null],[null],[null],[null],Indirectly,[null],[null],[added]
ROBODoc,[null],Indirectly,[null],Indirectly,[null],Indirectly,[null],[null],[null],[added]
Sandcastle,[null],[null],[null],[null],[null],[null],[null],[null],[null],[added]
Sphinx,[null],[null],[null],Indirectly,[null],[null],[null],[null],[null],[null]
Visual Expert,[null],[null],[null],[null],[null],[null],[null],[null],[null],[added]
VSdocman,[null],[null],[null],[null],[null],[null],[null],[null],[null],[added]
YARD,[null],[null],[null],[null],[null],[null],[null],[null],[null],[added]
[null],HTML,CHM,RTF,PDF,LaTeX,PostScript,man pages,DocBook,XML,ePub
